Piers,Abigail
Piers,Oliver
Abigail,Oliver
Piers,Stephanie
Abigail,Stephanie
Oliver,Stephanie
Piers,Carol
Piers,Melanie
Piers,Stephen
Carol,Stephen
Melanie,Stephen
Piers,Sally
Abigail,Sally
Oliver,Sally
Stephanie,Sally
Piers,Penelope
Oliver,Penelope
Oliver,Alan
Piers,Trevor
Carol,Trevor
Melanie,Trevor
Piers,Jake
Piers,Mary
Stephanie,Mary
Piers,Anna
Abigail,Anna
Oliver,Anna
Stephanie,Anna
Melanie,Connor
Stephen,Connor
Piers,John
Abigail,John
Piers,Eric
Abigail,Eric
Piers,Paul
Abigail,Paul
Colin,Jane
Jake,Jane
Oliver,Thomas
Colin,Thomas
Jake,Thomas
Oliver,Christopher
Colin,Charles
Brandon,Charles
Abigail,Madeleine
Penelope,Madeleine
Piers,Tracey
Jake,Tracey
Jane,Tracey
Christopher,Tracey
Oliver,Sonia
Penelope,Sonia
Ruth,Sonia
Evan,Sonia
Max,Sonia
Theresa,Sonia
Alexander,Sonia
Colin,Sonia
Charles,Sonia
Madeleine,Sonia
Tracey,Sonia
Penelope,Emily
Alan,Emily
Anna,Emily
Ruth,Emily
Evan,Emily
Max,Emily
Eric,Emily
Theresa,Emily
Alexander,Emily
Colin,Emily
Brandon,Emily
Thomas,Emily
Christopher,Emily
Charles,Emily
Madeleine,Emily
Tracey,Emily
Sonia,Emily